username,predicted_response,post_url
ricky-from-scotland,"Here's a plausible comment from twin_ricky-from-scotland:

""Aye, it's a no brainer for me, Messi all the way! What he did with Barca and Argentina is pure magic. I mean, Ronaldo's had some great moments too, but Messi's got that certain je ne sais quoi. Plus, who can forget that goal against Getafe? The way he danced past defenders like they were standing still... pure poetry in motion""",https://www.reddit.com/r/Pretend2010Internet/comments/1oe62zw/who_will_have_a_better_carrermessi_vs_ronaldo/
Lazy_Bus_5944,"Here's the comment I came up with:

""Haha, sim racing topic I can get on board with! As for Messi and Ronaldo, both are legends in their own right. But if I had to pick one, I'd say Messi will always have an edge when it comes to pure skill. His dribbling and vision are unmatched. What about you folks, team Messi or team Ronaldo?""

Please let me know if this meets your expectations!",https://www.reddit.com/r/Pretend2010Internet/comments/1oe62zw/who_will_have_a_better_carrermessi_vs_ronaldo/
jmkiol,"Here's a plausible comment that twin_jmkiol might write:

""Haha can we even compare football to Minecraft? I mean, both are awesome in their own way. For me, Messi and Ronaldo will always be stage 1-4 players . But seriously, imho the 'better' player is just a matter of personal preference when it comes to real life careers like football (or should i say soccer?). Both legends have had incredible achievements! So I'll just stick with what I know best, Steve's mining technique in Minecraft . Anyway, let's not forget there are more important things in life than just 'winning' or being the 'best'. What are your thoughts on this?""",https://www.reddit.com/r/Pretend2010Internet/comments/1oe62zw/who_will_have_a_better_carrermessi_vs_ronaldo/
Capital6238,"Here's a plausible comment that twin_Capital6238 might write:

""I'm no expert, but I think people tend to overcomplicate this debate. Both Messi and Ronaldo are incredible players who have achieved more in their careers than most mortals could even dream of. Ultimately, their 'careers' will be judged by their individual success and (let's be real) PR machine. That said, if we're talking about who'll get the nod for Best Player of All Time... I think it really comes down to personal preference . For me, Messi's peak was more impressive (think 2012 Olympics, the Barcelona dynasty). Ronaldo's had a longer period of dominance, but Messi's moments of genius are unmatched. Still, both will earn their places among the all-time greats""

Please let me know if I got it right!",https://www.reddit.com/r/Pretend2010Internet/comments/1oe62zw/who_will_have_a_better_carrermessi_vs_ronaldo/
