name,persona
nikkigil,"This persona is a warm, expressive, and highly social individual whose interests revolve around **family and relationships (e.g., mentions of ""Papu,"" ""Finn,"" and affectionate nicknames), entertainment and pop culture (e.g., hosting events, music awards, and playful references to films like *Nacho Libre*), and personal lifestyle (e.g., fashion, beauty, and travel)**. Their **communication style is enthusiastic, playful, and affectionate**, often using emojis (❤️😂😍), exclamation marks, and casual language (""Hahahaha,"" ""Loooove,"" ""Wewwwwww!!!"") to convey excitement and warmth. The **general sentiment is overwhelmingly positive and sentimental**, with frequent expressions of gratitude, nostalgia, and joy, though occasional moments of lighthearted frustration or stress appear. They engage actively on the platform, **replying to others with humor and warmth, retweeting content related to their interests, and sharing personal anecdotes and photos**, suggesting a highly interactive and community-oriented presence. Their tweets reflect a person who thrives on connection, whether with loved ones, fans, or collaborators, and who enjoys celebrating life’s small and big moments with infectious energy."
VigilanteArtist,"This user is a highly engaged, socially active individual with primary interests in **NFTs, digital art, and cryptocurrency**, as evidenced by frequent retweets and mentions of artists, NFT promotions, and crypto-related content. They also show a strong affinity for **pop culture and fandoms**, particularly BTS, as seen in retweets about fan events and artistic tributes. Their communication style is **friendly, supportive, and concise**, often using emojis (❤️, 🌟, 🚀) to express positivity and enthusiasm. Their tone is **warm and encouraging**, frequently engaging with others through greetings (""GM,"" ""Good morning"") and brief affirmations. The general sentiment leans **optimistic and community-driven**, with a focus on uplifting creators and sharing artistic content. Their engagement patterns reveal a **highly interactive presence**, primarily through retweets, brief replies, and hashtag-driven participation, suggesting they prioritize networking and amplifying others' work over lengthy original posts. They thrive in **collaborative, niche communities**—especially those centered around art, NFTs, and fandom culture."
raghebalama,"The user appears to be deeply engaged with Arabic pop culture, particularly focusing on the Lebanese singer **Ragheb Alama**, as evidenced by frequent retweets of his music, performances, and related discussions (e.g., ""#راغب_علامة,"" ""#Superstar""). Their interests extend to broader entertainment themes, including music releases, celebrity news, and cultural events, often highlighted with hashtags like ""#عيد_الحب"" (Valentine's Day) and ""#ممكن_أزعلك"" (a playful phrase). Their **communication style** is enthusiastic and supportive, often amplifying content with celebratory or nostalgic tones (e.g., praising Alama’s legacy or sharing emotional tributes). The **general sentiment** is overwhelmingly positive, leaning toward admiration and pride, though occasional retweets touch on socio-political critiques (e.g., corruption in Lebanon). Their **engagement patterns** are highly active, primarily through retweeting rather than original posts, suggesting a role as a cultural curator who amplifies content from media outlets, fan accounts, and public figures. They interact minimally with direct replies but heavily endorse content through shares, often using expressive language and emojis (🎶❤️) to emphasize their appreciation. Overall, the persona is of a passionate fan deeply embedded in Arabic entertainment, with a secondary interest in societal issues affecting Lebanon."
MarcusButler,"This persona is a lively, creative, and socially engaged individual with interests centered around **YouTube content creation (vlogs, collaborations, GTA videos), pop culture (Ed Sheeran, Friends, BRIT Awards), and personal hobbies (travel, technology like monitors/iPhone, and quirky activities like dyeing hair blue or building Lego)**. Their **communication style is upbeat, informal, and humorous**, often using emojis, playful banter, and exclamations (e.g., ""Good morning ya beautiful bunch :D""). They exhibit a **positive, enthusiastic sentiment**, though occasionally sarcastic or self-deprecating (e.g., ""This is meant to be a face mask... looks like vomit""). Engagement patterns reveal **high interactivity**—responding to followers, retweeting fans, and tagging peers (e.g., @ConnorFranta, @PointlessBlog), while promoting their own content and embracing trends (e.g., #AmityFest, #TheYouTubeBoyBand). Their tone is **relatable and energetic**, blending casual updates with lighthearted jokes and community-driven calls to action (e.g., charity donations)."
RealVolya,"The user appears to be a lively, humorous, and socially engaged individual with a strong interest in **comedy, entertainment, and stand-up performances**, often referencing events like comedy festivals, TV shows (e.g., TNT), and collaborations with figures like Pavel Volya and Laysan Utiasheva. Their **communication style** is informal, playful, and occasionally sarcastic, with a mix of personal anecdotes, promotional content, and witty observations. The **general sentiment** leans heavily toward positivity and humor, though there are occasional reflective or nostalgic moments (e.g., tributes to music or farewells). They actively **engage with their audience** through retweets, direct interactions (e.g., ""@"" replies), and enthusiastic calls to action (e.g., encouraging event attendance or YouTube subscriptions). Their tweets also reveal a fondness for travel, cultural events (e.g., VKfest), and lighthearted self-deprecation, suggesting an outgoing, energetic persona who thrives on connection and entertainment."
official_flo,"This Twitter user is a vibrant, socially active individual with a strong focus on **music, fitness, and faith**, as evidenced by frequent mentions of artists like Flo Rida (@official_flo), references to their brand (@jetsetternutrition), and biblical verses (e.g., Galatians 6:10, Proverbs 27:19). Their **interests/topics** include **music collaborations, health/wellness, luxury fashion (e.g., Louis Vuitton, Chanel), and family celebrations**, often blending personal and professional life. Their **communication style** is energetic, celebratory, and engaging, with a mix of enthusiastic shoutouts, retweets of industry peers, and personal updates. The **tone** is upbeat, confident, and occasionally inspirational, reflecting gratitude (e.g., ""I never take success for granted"") and a love for performance (""DUBAI you were amazing tonight!""). Their **general sentiment** leans **positive and motivational**, with frequent use of emojis (🎉🙌❤️) and hashtags (#love, #MyHouse) to amplify excitement. **Engagement patterns** show high interactivity—retweeting fans, collaborators, and media outlets, attending events (e.g., Pro Bowl, Latin AMAs), and responding to followers (@oyababyy). They thrive on **real-time updates**, sharing behind-the-scenes moments (e.g., ""On set on GO"") and promoting projects, suggesting a dynamic, network-oriented persona deeply embedded in entertainment and lifestyle culture."
yokoono,"This persona is deeply engaged with themes of **peace, art, and social activism**, frequently discussing **love, mindfulness, and collective human potential**. Their **interests** prominently include **music (especially John Lennon's legacy), visual art, and humanitarian causes**, often referencing personal and historical anecdotes to underscore their messages. Their **communication style** is reflective, poetic, and inspirational, blending personal introspection with universal calls to action. The **tone** is consistently hopeful, empathetic, and occasionally nostalgic, with a strong undercurrent of optimism even when addressing difficult topics like war or sadness. They express a **general sentiment** of warmth and resilience, advocating for positivity and unity. Their **engagement patterns** reveal a collaborative spirit: they actively retweet and promote cultural events, charitable initiatives, and artistic projects, while also sharing original musings and interactive art concepts (e.g., ""Mend Piece""). They foster community through hashtags like **#IMAGINEPEACE** and direct invitations to participate in shared experiences, balancing personal expression with a desire to uplift and connect with others."
battalalgoos,"The user appears to be a passionate and engaged individual with a strong focus on **football (especially Saudi Arabian football and international tournaments)**, **regional politics (particularly Saudi Arabia and the Gulf region)**, and **cultural/social discussions**. Their **communication style** is interactive, often replying to others with a mix of support, humor, and occasional debate, while also retweeting content from prominent Arabic sports and news accounts like *@ariyadhiah* and *@AlArabiya*. Their **tone** is generally enthusiastic, sometimes playful (using emojis like 🤣👏), and at times reflective or religiously tinged (e.g., invoking *""إن شاء الله""*). The **overall sentiment** leans positive, with expressions of pride in national achievements (e.g., Saudi football victories) and camaraderie, though there are moments of critique or frustration, particularly in sports-related debates. Their **engagement patterns** show high activity, primarily through retweets (sharing news, match updates, and cultural content) and direct replies, often engaging in back-and-forth discussions with other users, suggesting a sociable and opinionated presence on the platform."
GarethBale11,"This Twitter user is a passionate and dedicated football (soccer) enthusiast, with primary interests centered around **football (especially Real Madrid and Spurs), sports performance, and team camaraderie**, as evidenced by frequent hashtags like #HalaMadrid and #TogetherStronger. Their **communication style is energetic, enthusiastic, and motivational**, often using exclamations, emojis (⚽, 💪), and direct, concise language to celebrate victories, acknowledge hard work, and rally support. The **overall sentiment is overwhelmingly positive and driven**, with occasional moments of resilience (e.g., acknowledging tough games) and empathy (e.g., condolences for tragedies). They actively **engage with fans, teammates, and brands**, retweeting supportive messages, responding to compliments, and promoting collaborations (e.g., with Adidas, Sony). Their presence is highly interactive, blending personal pride in their team with a communal, fan-oriented approach."
LuisFonsi,"This Twitter user is a vibrant, music-focused individual whose persona revolves around passion, positivity, and engagement with their audience. Their **interests/topics** prominently include music (highlighted by album releases, tours like #VIDAWorldTour, and collaborations), Latin culture (evident in Spanish-language posts and pride for Puerto Rico), and personal moments (family, travel, and hobbies like tennis). Their **communication style & tone** is energetic, playful, and informal, often using emojis, exclamations, and colloquial phrases (e.g., ""Con flow de Viernes,"" ""Mi gente!"") to create a relatable, upbeat vibe. The **general sentiment** is overwhelmingly positive, with frequent expressions of gratitude, excitement for performances, and affectionate interactions with fans, though occasional somber notes appear (e.g., tributes to late friends). Their **engagement patterns** reflect high activity, including retweets of industry news, shoutouts to collaborators, and direct interactions with followers (e.g., asking ""¿Quién la escucha conmigo?""). They balance promotional content with personal snapshots, fostering a sense of authenticity and connection. Overall, they embody a charismatic, socially conscious artist who thrives on sharing joy and music with a global audience."
